La Belle Boucle Studio Marseille,,"35 Rue de la République, 13002 Marseille",https://labelleboucle.fr/,Marseille,2025-02-07T10:21:28.447Z
Les Coiffeurs,04 91 52 64 41,"244 Rue d'Endoume, 13007 Marseille",https://www.planity.com/les-coiffeurs-endoume-13007-marseille,Marseille,2025-02-07T10:21:29.549Z
Salon hair spa,06 69 98 87 93,"1 bis Rue d'Hozier, 13002 Marseille",http://salonhairspa.fr/,Marseille,2025-02-07T10:21:30.418Z
Jean Louis David - Coiffeur Marseille Prado,04 91 37 56 08,"22b Av. du Prado, 13006 Marseille",https://www.maison-lvm.fr/,Marseille,2025-02-07T10:21:31.238Z
Dalton Brothers Barber Shop Marseille,09 83 09 09 30,"35 Rue Longue des Capucins, 13001 Marseille",https://www.planity.com/dalton-brothers-barber-shop-13001-marseille,Marseille,2025-02-07T10:21:32.062Z
Le Barbier de Marseille,04 12 04 03 75,"63 Rue de la République, 13002 Marseille",https://lebarbierdemarseillestore.com/,Marseille,2025-02-07T10:21:33.049Z
Kenze,04 91 91 39 79,"7 Rue de la République, 13002 Marseille",http://kenzecoiffure.fr/,Marseille,2025-02-07T10:21:34.043Z
Beverly Coiffure,04 91 24 80 34,"15 Rue Maréchal Fayolle, 13004 Marseille",,Marseille,2025-02-07T10:21:35.106Z
DESSANGE - Coiffeur Marseille Paradis,04 91 37 18 50,"189 Rue Paradis, 13006 Marseille",https://salon.dessange.com/fr/salon-coiffure/marseille-paradis/?utm_source=102384&utm_medium=HP&utm_campaign=MyBusinessYext&y_source=1_MTUxMDAxMzgtNzE1LWxvY2F0aW9uLndlYnNpdGU=,Marseille,2025-02-07T10:21:35.945Z
Esprit Coiffure & Hammam,04 91 01 33 46,"128 Rue de Rome, 13006 Marseille",https://espritcoiffure-marseille.fr/,Marseille,2025-02-07T10:21:36.782Z
Vog Coiffure Marseille,09 52 41 48 51,"3 Rue Breteuil, 13001 Marseille",,Marseille,2025-02-07T10:21:37.693Z
Les Coiffeurs du Sud,04 91 54 70 05,"43 Rue Sainte, 13001 Marseille",http://lescoiffeursdusud.fr/,Marseille,2025-02-07T10:21:38.578Z
M atelier coiffure,04 91 21 83 42,"3a Rue Bernex, 13001 Marseille",https://www.planity.com/m-atelier-coiffure-13001-marseille,Marseille,2025-02-07T10:21:39.398Z
l’artisan coiffeur by M,09 87 35 21 16,"180 Rue Paradis, 13006 Marseille",https://www.lartisancoiffeurbym.fr/,Marseille,2025-02-07T10:21:40.294Z
Espace Frange,04 96 21 17 49,"103 La Canebière, 13001 Marseille",http://espace-frange-marseille.fr/,Marseille,2025-02-07T10:21:41.127Z
Carole Coiffure Marseille,07 48 10 41 14,"23 Rue Emile Duclaux, 13004 Marseille",http://www.carolecoiffure-marseille.fr/,Marseille,2025-02-07T10:21:41.953Z
Franck Provost - Coiffeur Marseille,04 91 85 04 74,"204 Bd de la Libération, 13004 Marseille",https://www.franckprovost.com/salons/204-boulevard-de-la-liberation-13004-marseille?utm_source=gbp&utm_medium=siteweb&utm_campaign=gbp_siteweb_P0726&utm_id=gbp_siteweb,Marseille,2025-02-07T10:21:42.850Z
Les coiffeurs Marseille,04 88 08 45 93,"4 Rue Haxo, 13001 Marseille",http://www.lescoiffeurshaxo.com/,Marseille,2025-02-07T10:21:45.957Z
Salon Rêve Coiffure,04 91 54 35 65,"10 Rue Lafon, 13006 Marseille",http://www.salonrevecoiffure.com/,Marseille,2025-02-07T10:21:46.784Z
L'Dcoiff - Marseille,09 81 26 53 92,"88 Bd du Sablier, 13008 Marseille",https://www.l-dcoiff.fr/,Marseille,2025-02-07T10:22:01.614Z
